-- phpMyAdmin SQL Dump
-- version 4.8.4
-- https://www.phpmyadmin.net/
--
-- Máy chủ: 127.0.0.1
-- Thời gian đã tạo: Th3 15, 2019 lúc 09:00 AM
-- Phiên bản máy phục vụ: 10.1.37-MariaDB
-- Phiên bản PHP: 7.2.14

SET SQL_MODE = "NO_AUTO_VALUE_ON_ZERO";
SET AUTOCOMMIT = 0;
START TRANSACTION;
SET time_zone = "+00:00";


/*!40101 SET @OLD_CHARACTER_SET_CLIENT=@@CHARACTER_SET_CLIENT */;
/*!40101 SET @OLD_CHARACTER_SET_RESULTS=@@CHARACTER_SET_RESULTS */;
/*!40101 SET @OLD_COLLATION_CONNECTION=@@COLLATION_CONNECTION */;
/*!40101 SET NAMES utf8mb4 */;

--
-- Cơ sở dữ liệu: `phplaravel`
--

-- --------------------------------------------------------

--
-- Cấu trúc bảng cho bảng `answers`
--

CREATE TABLE `answers` (
  `id` int(11) NOT NULL,
  `questions_id` int(11) NOT NULL,
  `answers` varchar(500) NOT NULL,
  `type` int(11) NOT NULL,
  `created_at` datetime NOT NULL,
  `updated_at` timestamp NOT NULL DEFAULT CURRENT_TIMESTAMP ON UPDATE CURRENT_TIMESTAMP
) ENGINE=InnoDB DEFAULT CHARSET=utf8;

--
-- Đang đổ dữ liệu cho bảng `answers`
--

INSERT INTO `answers` (`id`, `questions_id`, `answers`, `type`, `created_at`, `updated_at`) VALUES
(89, 50, 'Preprocessed Hypertext Page', 0, '2019-03-06 07:30:32', '2019-03-06 00:30:32'),
(90, 50, 'Hypertext Transfer Protocol', 0, '2019-03-06 07:30:47', '2019-03-06 00:30:47'),
(91, 50, 'PHP: Hypertext Preprocessor', 1, '2019-03-06 07:31:00', '2019-03-06 00:31:00'),
(92, 50, 'Hypertext Markup Language', 0, '2019-03-06 07:31:13', '2019-03-06 00:31:13'),
(93, 51, '1', 1, '2019-03-06 07:36:32', '2019-03-06 00:36:32'),
(94, 51, '2', 0, '2019-03-06 07:36:43', '2019-03-06 00:36:43'),
(95, 51, '3', 0, '2019-03-06 07:36:49', '2019-03-06 00:36:49'),
(96, 51, '4', 0, '2019-03-06 07:36:52', '2019-03-06 00:36:52'),
(97, 52, 'HELLO WORLD!', 0, '2019-03-06 07:37:31', '2019-03-06 00:37:31'),
(98, 52, '3', 0, '2019-03-06 07:37:36', '2019-03-06 00:37:36'),
(99, 52, '2', 0, '2019-03-06 07:37:41', '2019-03-06 00:37:41'),
(100, 52, 'Không chạy được , báo lỗi', 1, '2019-03-06 07:37:56', '2019-03-06 00:37:56'),
(101, 53, '/* commented code here */', 0, '2019-03-06 07:38:31', '2019-03-06 00:38:31'),
(102, 53, '# you are gay', 0, '2019-03-06 07:38:51', '2019-03-06 00:38:51'),
(103, 53, '// you are handsome', 1, '2019-03-06 07:39:11', '2019-03-06 00:39:11'),
(104, 53, 'Tất cả các ý trên', 0, '2019-03-06 07:40:02', '2019-03-06 00:40:02'),
(105, 54, 'none', 0, '2019-03-06 07:40:46', '2019-03-06 00:40:46'),
(106, 54, 'null', 1, '2019-03-06 07:40:54', '2019-03-06 00:40:54'),
(107, 54, 'Null', 1, '2019-03-06 07:41:06', '2019-03-06 00:41:06'),
(108, 54, '1234556', 0, '2019-03-06 07:41:19', '2019-03-06 00:41:19'),
(109, 55, '@', 0, '2019-03-06 07:42:13', '2019-03-06 00:42:13'),
(110, 55, '$', 1, '2019-03-06 07:42:22', '2019-03-06 00:42:22'),
(111, 55, '%^', 0, '2019-03-06 07:42:31', '2019-03-06 00:42:31'),
(112, 55, '!@#$', 0, '2019-03-06 07:42:49', '2019-03-06 00:42:49'),
(113, 56, '===', 0, '2019-03-06 07:44:10', '2019-03-06 00:44:10'),
(114, 56, '===', 0, '2019-03-06 07:44:35', '2019-03-06 00:44:35'),
(115, 56, '<=>', 1, '2019-03-06 07:44:48', '2019-03-06 00:44:48'),
(116, 56, '!=', 0, '2019-03-06 07:45:00', '2019-03-06 00:45:00'),
(117, 57, '$a[1]', 0, '2019-03-06 07:47:34', '2019-03-06 00:47:34'),
(118, 57, '$a[2]', 0, '2019-03-06 07:47:42', '2019-03-06 00:47:42'),
(119, 57, '$a[3]', 0, '2019-03-06 07:47:49', '2019-03-06 00:47:49'),
(120, 57, '$a[4]', 1, '2019-03-06 07:47:58', '2019-03-06 00:47:58'),
(121, 58, 'false', 0, '2019-03-06 07:57:20', '2019-03-06 00:57:20'),
(122, 58, 'true', 1, '2019-03-06 07:59:07', '2019-03-06 00:59:07'),
(123, 58, 'sai', 0, '2019-03-06 07:59:18', '2019-03-06 00:59:18'),
(124, 58, 'true', 1, '2019-03-06 07:59:24', '2019-03-06 00:59:24'),
(125, 58, 'true false', 0, '2019-03-06 07:59:32', '2019-03-06 00:59:32'),
(126, 59, 'true', 1, '2019-03-06 08:01:38', '2019-03-06 01:01:38'),
(127, 59, '123', 0, '2019-03-06 08:01:44', '2019-03-06 01:01:44'),
(128, 59, 'false', 0, '2019-03-06 08:01:49', '2019-03-06 01:01:49'),
(129, 59, 'null', 0, '2019-03-06 08:02:01', '2019-03-06 01:02:01'),
(130, 60, '1', 0, '2019-03-06 08:02:48', '2019-03-06 01:02:48'),
(131, 60, '2', 1, '2019-03-06 08:02:53', '2019-03-06 01:02:53'),
(132, 60, '1+1', 1, '2019-03-06 08:03:00', '2019-03-06 01:03:00'),
(133, 60, '2-2', 0, '2019-03-06 08:03:08', '2019-03-06 01:03:08'),
(134, 60, '0', 0, '2019-03-06 08:03:14', '2019-03-06 01:03:14'),
(135, 61, '<br>', 1, '2019-03-06 08:07:49', '2019-03-06 01:07:49'),
(136, 61, '<br/>', 1, '2019-03-06 08:07:57', '2019-03-06 01:07:57'),
(137, 61, '<p>', 0, '2019-03-06 08:08:29', '2019-03-06 01:08:29'),
(138, 61, '<input>', 0, '2019-03-06 08:08:36', '2019-03-06 01:08:36'),
(139, 62, 'h1', 1, '2019-03-06 08:09:27', '2019-03-06 01:09:27'),
(140, 62, 'h6', 0, '2019-03-06 08:09:34', '2019-03-06 01:09:34'),
(141, 62, 'heading', 0, '2019-03-06 08:09:40', '2019-03-06 01:09:40'),
(142, 63, '<img src=\"image.gif\">', 1, '2019-03-06 08:11:23', '2019-03-06 01:11:23'),
(143, 63, '<img src=\"image.jpg\">', 1, '2019-03-06 08:11:34', '2019-03-06 01:11:34'),
(144, 63, '<img src=\"image.png\">', 1, '2019-03-06 08:11:41', '2019-03-06 08:11:55'),
(145, 63, '<img href=\"image.gif\">', 0, '2019-03-06 08:12:19', '2019-03-06 01:12:19'),
(146, 63, '<img>image.gif</img>', 0, '2019-03-06 08:12:44', '2019-03-06 01:12:44'),
(147, 64, '0.5', 1, '2019-03-06 08:14:46', '2019-03-06 01:14:46'),
(148, 64, '1', 0, '2019-03-06 08:14:52', '2019-03-06 01:14:52'),
(149, 64, '2', 0, '2019-03-06 08:14:54', '2019-03-06 01:14:54'),
(150, 64, '4', 0, '2019-03-06 08:14:58', '2019-03-06 01:14:58'),
(151, 65, 'ab', 1, '2019-03-06 08:17:26', '2019-03-06 01:17:26'),
(152, 65, 'Ab', 0, '2019-03-06 08:17:35', '2019-03-06 01:17:35'),
(153, 65, 'abc', 0, '2019-03-06 08:17:39', '2019-03-06 01:17:39'),
(154, 65, 'AB', 1, '2019-03-06 08:18:20', '2019-03-06 01:18:20'),
(155, 66, 'Đoạn code trên hoàn toàn tốt đẹp', 0, '2019-03-06 08:19:24', '2019-03-06 01:19:24'),
(156, 66, 'Class C không thể thừa kế cùng lúc  2 lớp A và B', 1, '2019-03-06 08:19:38', '2019-03-06 01:19:38'),
(157, 66, 'Class C không thừa kế 2 lớp A và B', 1, '2019-03-06 08:20:09', '2019-03-06 01:20:09'),
(158, 66, 'Không thể đẻ trống các class trên', 0, '2019-03-06 08:20:22', '2019-03-06 01:20:22'),
(159, 67, 'define', 1, '2019-03-06 08:21:03', '2019-03-06 01:21:03'),
(160, 67, 'const', 0, '2019-03-06 08:21:11', '2019-03-06 01:21:11'),
(161, 68, 'Creative Style Sheets', 0, '2019-03-06 09:47:02', '2019-03-06 02:47:02'),
(162, 68, 'Computer Style Sheets', 0, '2019-03-06 09:47:09', '2019-03-06 02:47:09'),
(163, 68, 'Cascading Style Sheets', 1, '2019-03-06 09:47:17', '2019-03-06 02:47:17'),
(164, 69, 'true', 1, '2019-03-06 09:51:21', '2019-03-06 02:51:21'),
(165, 69, 'false', 1, '2019-03-06 09:51:28', '2019-03-06 02:51:28'),
(166, 69, '123', 0, '2019-03-06 09:51:33', '2019-03-06 02:51:33'),
(167, 69, 'bigger hay smaller', 0, '2019-03-06 09:51:46', '2019-03-06 02:51:46'),
(168, 70, 'true', 1, '2019-03-06 09:53:47', '2019-03-06 02:53:47'),
(169, 70, 'false', 0, '2019-03-06 09:53:57', '2019-03-06 02:53:57'),
(170, 71, 'function myFunction()', 1, '2019-03-06 09:55:07', '2019-03-06 02:55:07'),
(171, 71, 'public function myFunction()', 1, '2019-03-06 09:55:17', '2019-03-06 02:55:17'),
(172, 71, 'new_function myFunction()', 0, '2019-03-06 09:55:29', '2019-03-06 02:55:29'),
(173, 71, 'create myFunction()', 0, '2019-03-06 09:55:36', '2019-03-06 02:55:36'),
(174, 72, 'Tạo một ô text để nhập dữ liệu 1 dòng', 0, '2019-03-07 08:20:47', '2019-03-07 01:20:47'),
(175, 72, 'Tạo một ô password', 1, '2019-03-07 08:21:12', '2019-03-07 01:21:12'),
(176, 72, 'Tạo một  textbox cho phép nhập liệu nhiều dòng', 0, '2019-03-07 08:21:21', '2019-03-07 01:21:21'),
(177, 73, '<script> …</script>', 1, '2019-03-07 08:21:54', '2019-03-07 01:21:54'),
(178, 73, '<Javascript> …<Javascript>', 0, '2019-03-07 08:22:06', '2019-03-07 01:22:06'),
(179, 73, '<java>   </java>', 0, '2019-03-07 08:22:16', '2019-03-07 01:22:16'),
(180, 74, 'Number, String', 1, '2019-03-07 08:22:53', '2019-03-07 01:22:53'),
(181, 74, 'Boolean, Null', 1, '2019-03-07 08:23:02', '2019-03-07 01:23:02'),
(182, 74, 'Number, Integer, char', 0, '2019-03-07 08:23:13', '2019-03-07 01:23:13'),
(183, 74, 'Number, String, Boolean', 0, '2019-03-07 08:23:23', '2019-03-07 01:23:23'),
(184, 75, 'Viết riêng một trang', 1, '2019-03-07 08:24:07', '2019-03-07 01:24:07'),
(185, 75, 'Viết chung với HTML', 1, '2019-03-07 08:24:17', '2019-03-07 01:24:17'),
(186, 75, 'Không có dạng nào.', 0, '2019-03-07 08:24:31', '2019-03-07 01:24:31'),
(187, 76, 'client', 1, '2019-03-07 08:25:03', '2019-03-07 01:25:03'),
(188, 76, 'server', 0, '2019-03-07 08:25:11', '2019-03-07 01:25:11'),
(189, 76, 'Không có dạng nào.', 0, '2019-03-07 08:25:26', '2019-03-07 01:25:26'),
(190, 77, 'Khi một đối tượng trong form mất focus.', 0, '2019-03-07 08:26:09', '2019-03-07 01:26:09'),
(191, 77, 'Khi một đối tượng trong form có focus', 0, '2019-03-07 08:26:17', '2019-03-07 01:26:17'),
(192, 77, 'Xảy ra khi giá trị của một trường trong form được người dùng thay đổi', 1, '2019-03-07 08:26:26', '2019-03-07 01:26:26'),
(193, 77, 'Khi click chuột vào nút lệnh', 0, '2019-03-07 08:26:35', '2019-03-07 01:26:35'),
(194, 78, 'Dùng để hiện một thông báo', 1, '2019-03-07 08:28:18', '2019-03-07 01:28:18'),
(195, 78, 'Dùng để chuyển đổi số sang chữ', 0, '2019-03-07 08:28:27', '2019-03-07 01:28:27'),
(196, 78, 'Nhảy đến một tập lệnh khác', 0, '2019-03-07 08:28:38', '2019-03-07 01:28:38'),
(197, 79, 'Khi di chuyển con chuột qua một đối tượng trong form.', 1, '2019-03-07 08:30:06', '2019-03-07 01:30:06'),
(198, 79, 'Khi click chuột vào nút lệnh', 0, '2019-03-07 08:30:20', '2019-03-07 01:30:20'),
(199, 79, 'Khi một đối tượng trong form mất focus.', 0, '2019-03-07 08:30:29', '2019-03-07 01:30:29'),
(200, 80, 'Khi click chuột vào một đối tượng trong form.', 1, '2019-03-07 08:31:27', '2019-03-07 01:31:27'),
(201, 80, 'Khi click chuột vào nút lệnh', 0, '2019-03-07 08:31:35', '2019-03-07 08:31:48'),
(202, 81, 'Khi kết thúc một chương trình', 1, '2019-03-07 08:32:29', '2019-03-07 01:32:29'),
(203, 81, 'Khi click chuột', 0, '2019-03-07 08:32:40', '2019-03-07 01:32:40'),
(204, 81, 'Khi di chuyển chuột qua.', 0, '2019-03-07 08:32:53', '2019-03-07 01:32:53'),
(205, 81, 'Khi bắt đầu chương trình chạy', 0, '2019-03-07 08:33:08', '2019-03-07 01:33:08'),
(206, 82, 'Hyper Text Markup Language', 1, '2019-03-07 08:45:07', '2019-03-07 01:45:07'),
(207, 82, 'High Tech Markup Language', 0, '2019-03-07 08:45:15', '2019-03-07 01:45:15'),
(208, 82, 'Handle To My Life', 0, '2019-03-07 08:45:22', '2019-03-07 01:45:22'),
(209, 83, 'Dùng để chọn độ lớn của kích thước chữ trong HTML cho thiết kế.', 1, '2019-03-07 08:46:42', '2019-03-07 08:50:19'),
(210, 83, 'Tùy trường hợp mà dùng.', 0, '2019-03-07 08:46:51', '2019-03-07 01:46:51'),
(211, 83, 'Dùng để định nghĩa các phần đầu đề trong HTML', 0, '2019-03-07 08:47:02', '2019-03-07 01:47:02'),
(212, 84, '<ul> định nghĩa các <li>', 1, '2019-03-07 08:52:01', '2019-03-07 01:52:01'),
(213, 84, 'còn <ol> thì có thứ tự', 1, '2019-03-07 08:52:39', '2019-03-07 01:52:39'),
(214, 84, '<ul> dùng để tạo menu còn <ol> thì ít ai dùng', 1, '2019-03-07 08:52:52', '2019-03-07 01:52:52'),
(215, 84, 'Chỉ khác ở cái tên nhưng đều chứa thẻ con <li>', 0, '2019-03-07 08:53:03', '2019-03-07 01:53:03'),
(216, 85, 'Hiển thị đúng văn bản đã được định dạng sẵn trong HTML.', 1, '2019-03-07 08:54:18', '2019-03-07 01:54:18'),
(217, 85, 'Hiển thị đường dẫn trước đó mà người dùng đã truy cập trước đó.', 0, '2019-03-07 08:54:27', '2019-03-07 01:54:27'),
(218, 85, 'Dùng để hiển thị trước nội dung đã được gõ trong textarea', 0, '2019-03-07 08:54:35', '2019-03-07 01:54:35'),
(219, 86, 'Tất cả các vai trò: database, Webserver, middle ware', 1, '2019-03-07 08:59:16', '2019-03-07 01:59:16'),
(220, 86, 'không', 0, '2019-03-07 08:59:28', '2019-03-07 01:59:28'),
(221, 86, 'chỉ dùng phpmtadmin', 0, '2019-03-07 08:59:41', '2019-03-07 01:59:41'),
(222, 87, 'echo', 1, '2019-03-07 09:00:19', '2019-03-07 02:00:19'),
(223, 87, 'foreach', 0, '2019-03-07 09:00:26', '2019-03-07 02:00:26'),
(224, 87, 'if', 0, '2019-03-07 09:00:31', '2019-03-07 02:00:31'),
(225, 87, 'session', 0, '2019-03-07 09:00:38', '2019-03-07 02:00:38'),
(226, 88, '<a href=\"url\" target=\"_blank\">', 1, '2019-03-07 09:03:10', '2019-03-07 02:03:10'),
(227, 88, '<a href=\"url\" target=\"new\">', 0, '2019-03-07 09:03:20', '2019-03-07 02:03:20'),
(228, 88, '<a href=\"url\" new>', 0, '2019-03-07 09:03:35', '2019-03-07 02:03:35'),
(229, 89, 'Không xác định và xét điều kiện rồi mới lặp', 1, '2019-03-07 09:06:01', '2019-03-07 02:06:01'),
(230, 89, 'Không xác định và  lặp rồi mới xét điều kiện', 0, '2019-03-07 09:06:08', '2019-03-07 02:06:08'),
(231, 89, 'Cả hai dạng trên', 0, '2019-03-07 09:06:23', '2019-03-07 02:06:23'),
(232, 89, 'Không tồn tại dạng nào ở trên.', 0, '2019-03-07 09:06:31', '2019-03-07 02:06:31'),
(233, 90, 'Không xác định và lặp rồi mới xét đ-iều kiện', 1, '2019-03-07 09:06:49', '2019-03-07 02:06:49'),
(234, 90, 'Không xác định và xét điều kiện rồi mới lặp', 0, '2019-03-07 09:06:57', '2019-03-07 02:06:57'),
(235, 90, 'Cả hai dạng trên', 0, '2019-03-07 09:07:04', '2019-03-07 02:07:04'),
(236, 91, 'Ngưng vòng for nếu gặp lệnh này', 1, '2019-03-07 09:07:37', '2019-03-07 02:07:37'),
(237, 91, 'Không có ý nghĩa trong vòng lặp', 0, '2019-03-07 09:07:49', '2019-03-07 02:07:49'),
(238, 91, 'Nhảy đến một tập lệnh khác', 0, '2019-03-07 09:07:57', '2019-03-07 02:07:57'),
(239, 91, 'Không thể kết hợp được', 0, '2019-03-07 09:08:04', '2019-03-07 02:08:04'),
(240, 92, 'Chuyển một chuỗi thành số nguyên', 1, '2019-03-07 09:09:52', '2019-03-07 02:09:52'),
(241, 92, 'Chuyển một chuỗi thành số', 0, '2019-03-07 09:10:08', '2019-03-07 02:10:08'),
(242, 92, 'Chuyển một chuỗi thành số thực', 0, '2019-03-07 09:10:17', '2019-03-07 02:10:17'),
(243, 93, 'Chuyển một chuỗi thành số thực', 1, '2019-03-07 09:11:13', '2019-03-07 02:11:13'),
(244, 93, 'Chuyển một số nguyên thành một chuỗi', 0, '2019-03-07 09:11:29', '2019-03-07 02:11:29'),
(245, 93, 'Chuyển một chuỗi thành số', 0, '2019-03-07 09:11:43', '2019-03-07 02:11:43'),
(246, 94, '.', 0, '2019-03-08 03:53:02', '2019-03-07 20:53:02'),
(247, 94, 'new line', 0, '2019-03-08 03:53:14', '2019-03-07 20:53:14'),
(248, 94, ';', 1, '2019-03-08 03:53:20', '2019-03-07 20:53:20'),
(249, 94, '</php>', 0, '2019-03-08 03:53:40', '2019-03-07 20:53:40'),
(250, 95, 'false', 0, '2019-03-08 03:55:05', '2019-03-07 20:55:05'),
(251, 95, 'true', 1, '2019-03-08 03:55:12', '2019-03-08 03:55:20'),
(252, 96, '===', 1, '2019-03-08 03:59:47', '2019-03-07 20:59:47'),
(253, 96, '+', 0, '2019-03-08 03:59:56', '2019-03-08 04:00:19'),
(254, 96, '-', 0, '2019-03-08 04:00:05', '2019-03-07 21:00:05'),
(255, 96, '<>', 0, '2019-03-08 04:00:10', '2019-03-07 21:00:10'),
(256, 97, '$cars = array(\"Volvo\", \"BMW\", \"Toyota\");', 1, '2019-03-08 04:01:01', '2019-03-07 21:01:01'),
(257, 97, '$cars = [\"Volvo\", \"BMW\", \"Toyota\"];', 1, '2019-03-08 04:01:20', '2019-03-07 21:01:20'),
(258, 97, '$cars = \"Volvo\", \"BMW\", \"Toyota\";', 0, '2019-03-08 04:01:28', '2019-03-07 21:01:28'),
(259, 97, '$cars = array[\"Volvo\", \"BMW\", \"Toyota\"];', 0, '2019-03-08 04:01:34', '2019-03-07 21:01:34'),
(260, 98, 'true', 0, '2019-03-08 04:01:50', '2019-03-08 04:03:04'),
(261, 98, 'false', 1, '2019-03-08 04:02:44', '2019-03-07 21:02:44'),
(262, 99, 'makecookie()', 0, '2019-03-08 04:03:39', '2019-03-07 21:03:39'),
(263, 99, 'setcookie()', 1, '2019-03-08 04:03:47', '2019-03-07 21:03:47'),
(264, 99, 'createcookie', 0, '2019-03-08 04:03:54', '2019-03-07 21:03:54'),
(265, 100, 'true', 1, '2019-03-08 04:04:31', '2019-03-07 21:04:31'),
(266, 100, 'false', 0, '2019-03-08 04:04:36', '2019-03-07 21:04:36'),
(267, 101, '/*...*/', 1, '2019-03-08 04:05:17', '2019-03-07 21:05:17'),
(268, 101, '//', 1, '2019-03-08 04:05:23', '2019-03-07 21:05:23'),
(269, 101, '<!--...-->', 0, '2019-03-08 04:05:29', '2019-03-07 21:05:29'),
(270, 101, '*\\...\\*', 0, '2019-03-08 04:05:34', '2019-03-07 21:05:34'),
(271, 101, '<comment>...</comment>', 0, '2019-03-08 04:05:42', '2019-03-07 21:05:42'),
(272, 102, '$count++;', 1, '2019-03-08 04:06:18', '2019-03-07 21:06:18'),
(273, 102, '++count', 0, '2019-03-08 04:06:28', '2019-03-07 21:06:28'),
(274, 102, '$count =+1', 0, '2019-03-08 04:06:35', '2019-03-07 21:06:35'),
(275, 102, 'count++;', 0, '2019-03-08 04:06:44', '2019-03-07 21:06:44'),
(276, 103, '<?php include \"time.inc\"; ?>', 1, '2019-03-08 04:07:25', '2019-03-07 21:07:25'),
(277, 103, '<?php include file=\"time.inc\"; ?>', 0, '2019-03-08 04:07:34', '2019-03-07 21:07:34'),
(278, 103, '<?php include:\"time.inc\"; ?>', 0, '2019-03-08 04:07:40', '2019-03-07 21:07:40'),
(279, 103, '<!-- include file=\"time.inc\" -->', 0, '2019-03-08 04:07:46', '2019-03-07 21:07:46'),
(280, 104, 'fopen(\"time.txt\",\"r\");', 1, '2019-03-08 04:08:39', '2019-03-07 21:08:39'),
(281, 104, 'open(\"time.txt\",\"read\");', 0, '2019-03-08 04:08:48', '2019-03-07 21:08:48'),
(282, 104, 'open(\"time.txt\");', 0, '2019-03-08 04:08:54', '2019-03-07 21:08:54'),
(283, 105, '$_SERVER', 1, '2019-03-08 04:09:28', '2019-03-07 21:09:28'),
(284, 105, '$_GET', 0, '2019-03-08 04:09:34', '2019-03-07 21:09:34'),
(285, 105, '$_GLOBALS', 0, '2019-03-08 04:09:40', '2019-03-07 21:09:40'),
(286, 105, '$_SESSION', 0, '2019-03-08 04:09:47', '2019-03-07 21:09:47'),
(287, 106, 'false', 0, '2019-03-08 04:10:40', '2019-03-07 21:10:40'),
(288, 106, 'true', 1, '2019-03-08 04:10:45', '2019-03-07 21:10:45'),
(289, 107, 'Structured Query Language', 1, '2019-03-08 04:16:36', '2019-03-07 21:16:36'),
(290, 107, 'Structured Question Language', 0, '2019-03-08 04:16:47', '2019-03-07 21:16:47'),
(291, 107, 'Strong Question Language', 0, '2019-03-08 04:16:54', '2019-03-07 21:16:54'),
(292, 108, 'SELECT', 1, '2019-03-08 04:17:13', '2019-03-07 21:17:13'),
(293, 108, 'EXTRACT', 0, '2019-03-08 04:17:22', '2019-03-07 21:17:22'),
(294, 108, 'OPEN', 0, '2019-03-08 04:17:28', '2019-03-07 21:17:28'),
(295, 108, 'GET', 0, '2019-03-08 04:17:34', '2019-03-07 21:17:34'),
(296, 109, 'UPDATE', 1, '2019-03-08 04:18:05', '2019-03-07 21:18:05'),
(297, 109, 'SAVE', 0, '2019-03-08 04:18:10', '2019-03-07 21:18:10'),
(298, 109, 'MODIFY', 0, '2019-03-08 04:18:17', '2019-03-07 21:18:17'),
(299, 110, 'DELETE', 1, '2019-03-08 04:18:45', '2019-03-07 21:18:45'),
(300, 110, 'REMOVE', 0, '2019-03-08 04:18:51', '2019-03-07 21:18:51'),
(301, 110, 'COLLAPSE', 0, '2019-03-08 04:18:56', '2019-03-07 21:18:56'),
(302, 111, 'SELECT * FROM Persons WHERE FirstName=\'Peter\'', 1, '2019-03-08 04:20:17', '2019-03-07 21:20:17'),
(303, 111, 'SELECT * FROM Persons WHERE FirstName<>\'Peter\'', 0, '2019-03-08 04:20:27', '2019-03-07 21:20:27'),
(304, 111, 'SELECT [all] FROM Persons WHERE FirstName=\'Peter\'', 0, '2019-03-08 04:20:36', '2019-03-07 21:20:36'),
(305, 111, 'SELECT [all] FROM Persons WHERE FirstName LIKE \'Peter\'', 0, '2019-03-08 04:21:02', '2019-03-07 21:21:02'),
(306, 112, 'SELECT * FROM Persons WHERE FirstName LIKE \'a%\'', 1, '2019-03-08 04:21:35', '2019-03-07 21:21:35'),
(307, 112, 'SELECT * FROM Persons WHERE FirstName LIKE \'%a\'', 0, '2019-03-08 04:21:47', '2019-03-07 21:21:47'),
(308, 112, 'SELECT * FROM Persons WHERE FirstName=\'%a%\'', 0, '2019-03-08 04:21:54', '2019-03-07 21:21:54'),
(309, 112, 'SELECT * FROM Persons WHERE FirstName=\'a\'', 0, '2019-03-08 04:22:02', '2019-03-07 21:22:02'),
(310, 113, 'SELECT DISTINCT', 1, '2019-03-08 04:22:46', '2019-03-07 21:22:46'),
(311, 113, 'SELECT DIFFERENT', 0, '2019-03-08 04:22:53', '2019-03-07 21:22:53'),
(312, 113, 'SELECT UNIQUE', 0, '2019-03-08 04:22:58', '2019-03-07 21:22:58'),
(313, 114, 'ORDER BY', 1, '2019-03-08 04:23:24', '2019-03-07 21:23:24'),
(314, 114, 'SORT', 0, '2019-03-08 04:23:30', '2019-03-07 21:23:30'),
(315, 114, 'SORT BY', 0, '2019-03-08 04:23:38', '2019-03-07 21:23:38'),
(316, 114, 'ORDER', 0, '2019-03-08 04:23:44', '2019-03-07 21:23:44'),
(317, 115, 'JOINED', 0, '2019-03-08 04:24:35', '2019-03-07 21:24:35'),
(318, 115, 'INSIDE JOIN', 0, '2019-03-08 04:24:42', '2019-03-07 21:24:42'),
(319, 115, 'INNER JOIN', 1, '2019-03-08 04:24:51', '2019-03-07 21:24:51'),
(320, 115, 'JOINED TABLE', 0, '2019-03-08 04:24:56', '2019-03-07 21:24:56'),
(321, 116, '1', 1, '2019-03-08 09:26:26', '2019-03-08 09:33:10');

-- --------------------------------------------------------

--
-- Cấu trúc bảng cho bảng `migrations`
--

CREATE TABLE `migrations` (
  `id` int(10) UNSIGNED NOT NULL,
  `migration` varchar(255) COLLATE utf8mb4_unicode_ci NOT NULL,
  `batch` int(11) NOT NULL
) ENGINE=InnoDB DEFAULT CHARSET=utf8mb4 COLLATE=utf8mb4_unicode_ci;

-- --------------------------------------------------------

--
-- Cấu trúc bảng cho bảng `questions`
--

CREATE TABLE `questions` (
  `id` int(11) NOT NULL,
  `content` varchar(10000) NOT NULL,
  `point` int(11) NOT NULL,
  `created_at` timestamp NOT NULL DEFAULT CURRENT_TIMESTAMP ON UPDATE CURRENT_TIMESTAMP,
  `updated_at` timestamp NOT NULL DEFAULT CURRENT_TIMESTAMP ON UPDATE CURRENT_TIMESTAMP
) ENGINE=InnoDB DEFAULT CHARSET=utf8;

--
-- Đang đổ dữ liệu cho bảng `questions`
--

INSERT INTO `questions` (`id`, `content`, `point`, `created_at`, `updated_at`) VALUES
(50, 'PHP tượng trưng cho cái gì', 1, '2019-03-06 00:30:32', '2019-03-06 00:30:32'),
(51, 'Đoạn mã sau , in ra giá trị nào sau đây : <?php      $a=1;      function test(){            echo \"a=$a\";      }      test(); ?>', 1, '2019-03-06 00:36:32', '2019-03-06 00:36:32'),
(52, 'Đoạn mã sau , in ra giá trị nào sau đây : <?php      FUNCTION TEST(){          echo \'HELLO WORLD!\';      }      test(); ?>', 3, '2019-03-06 00:37:31', '2019-03-06 00:37:31'),
(53, 'Đoạn mã nào sau đây được sử dụng để chú thích PHP', 5, '2019-03-06 00:38:31', '2019-03-06 00:38:31'),
(54, 'Mặc định của một biến không có giá trị được thể hiện với từ khóa', 4, '2019-03-06 00:40:46', '2019-03-06 00:40:46'),
(55, 'Ký hiệu nào được dùng khi sử dụng biến trong PHP', 2, '2019-03-06 00:42:13', '2019-03-06 00:42:13'),
(56, 'Đâu không phải là phép toán được dùng so sánh trong PHP', 1, '2019-03-06 00:44:10', '2019-03-06 00:44:10'),
(57, 'Truy cập đến phần từ có giá trị \'d\' : $a = array(     \'a\',     3 => \'b\',     1 => \'c\',     \'d\' );', 5, '2019-03-06 00:47:34', '2019-03-06 00:47:34'),
(58, 'Đoạn mã sau , in ra giá trị nào sau đây: <?php        $check=\'false\';        if($check){ echo \'true\'; } else{echo \'false\';} ?>', 3, '2019-03-06 07:58:56', '2019-03-06 07:58:56'),
(59, 'Đoạn mã sau , in ra giá trị nào sau đây: $a = array(); if ($a == null) {    echo \'true\'; } else {   echo \'false\'; }', 2, '2019-03-06 01:01:38', '2019-03-06 01:01:38'),
(60, 'Đoạn mã sau , in ra giá trị nào sau đây: $a = 1; {   $a = 2; } echo $a;', 3, '2019-03-06 01:02:48', '2019-03-06 01:02:48'),
(61, 'Phần tử HTML nào thực hiện xuống dòng mới?', 4, '2019-03-06 01:07:49', '2019-03-06 01:07:49'),
(62, 'Chọn phần tử HTML nào đúng nhất cho định dạng tiêu đề là lớn nhất?', 1, '2019-03-06 01:09:27', '2019-03-06 01:09:27'),
(63, 'Thẻ HTML nào dùng để chèn hình ảnh vào trang web?', 1, '2019-03-06 01:11:23', '2019-03-06 01:11:23'),
(64, 'Giá trị của tham số sau: $var = 1 / 2;', 1, '2019-03-06 01:14:46', '2019-03-06 01:14:46'),
(65, 'Đoạn mã sau , in ra giá trị nào sau đây: $var = \'a\'; $VAR = \'b\'; echo \"$var$VAR\";', 3, '2019-03-06 01:17:26', '2019-03-06 01:17:26'),
(66, 'Nhận định nào đúng khi nói về đoạn mã sau: class A {}  class B {}  class C extends A, B {}', 2, '2019-03-06 01:19:24', '2019-03-06 01:19:24'),
(67, 'Hàm nào sau đây dùng để khai báo hằng số', 2, '2019-03-06 01:21:03', '2019-03-06 01:21:03'),
(68, 'CSS là viết tắt của?', 1, '2019-03-06 02:47:02', '2019-03-06 02:47:02'),
(69, 'Type boolean trả cho ta giá trị gì?', 2, '2019-03-06 02:51:21', '2019-03-06 02:51:21'),
(70, 'Khi sử dụng method POST, các biến được hiển thị trong URL:', 2, '2019-03-06 02:53:47', '2019-03-06 02:53:47'),
(71, 'What is the correct way to create a function in PHP?', 3, '2019-03-06 02:55:07', '2019-03-06 02:55:07'),
(72, 'Thẻ <input type=\'Password\'> dùng để làm gì?', 2, '2019-03-07 01:20:47', '2019-03-07 01:20:47'),
(73, 'JavaScript được bắt đầu bằng?', 1, '2019-03-07 01:21:54', '2019-03-07 01:21:54'),
(74, 'Javascript có các dạng biến?', 3, '2019-03-07 01:22:53', '2019-03-07 01:22:53'),
(75, 'Phương thức viết chương trình của Javascript như thế nào?', 2, '2019-03-07 01:24:07', '2019-03-07 01:24:07'),
(76, 'JavaScript là ngôn ngữ xử lý ở:', 1, '2019-03-07 01:25:03', '2019-03-07 01:25:03'),
(77, 'Trong Javascript sự kiện Onchange thực hiện khi nào?', 2, '2019-03-07 01:26:09', '2019-03-07 01:26:09'),
(78, 'Hàm alert() dùng để làm gì?', 1, '2019-03-07 01:28:18', '2019-03-07 01:28:18'),
(79, 'Trong Javascript sự kiện OnMouseOver thực hiện khi nào?', 1, '2019-03-07 01:30:06', '2019-03-07 01:30:06'),
(80, 'Trong Javascript sự kiện Onclick thực hiện khi nào?', 1, '2019-03-07 01:31:27', '2019-03-07 01:31:27'),
(81, 'Trong Javascript sự kiện OnUnload thực hiện khi nào?', 2, '2019-03-07 01:32:29', '2019-03-07 01:32:29'),
(82, 'HTML là viết tắt của từ gì ?', 2, '2019-03-07 01:45:07', '2019-03-07 01:45:07'),
(83, 'Các thẻ từ <h1> đến <h6> dùng để làm gì ?', 1, '2019-03-07 01:46:42', '2019-03-07 01:46:42'),
(84, 'Thẻ <ol> và <ul> khác nhau chỗ nào ?', 2, '2019-03-07 01:52:01', '2019-03-07 01:52:01'),
(85, 'Thẻ <pre> dùng thể làm gì ?', 1, '2019-03-07 01:54:18', '2019-03-07 01:54:18'),
(86, 'XAMPP đóng vai trò là thành phần nào sau đây?', 1, '2019-03-07 01:59:16', '2019-03-07 01:59:16'),
(87, 'Câu lệnh nào sau đây có thể dung để xuất dữ liệu ra trình duyệt trong PHP?', 2, '2019-03-07 02:00:19', '2019-03-07 02:00:19'),
(88, 'Làm sao để khi click chuột vào link thì tạo ra cửa sổ mới?', 1, '2019-03-07 02:03:10', '2019-03-07 02:03:10'),
(89, 'Vòng lặp While là dạng vòng lặp?', 2, '2019-03-07 02:06:01', '2019-03-07 02:06:01'),
(90, 'Vòng lặp (Do.. while) là dạng vòng lặp?', 2, '2019-03-07 02:06:49', '2019-03-07 02:06:49'),
(91, 'Lệnh break kết hợp với vòng for dùng để?', 1, '2019-03-07 02:07:37', '2019-03-07 02:07:37'),
(92, 'Trong Javascript hàm parseInt() dùng để làm gì?', 3, '2019-03-07 02:09:52', '2019-03-07 02:09:52'),
(93, 'Trong Javascript hàm parseFloat() dùng để làm gì?', 1, '2019-03-07 02:11:13', '2019-03-07 02:11:13'),
(94, 'Cách chính xác để kết thúc một câu lệnh PHP là gì?', 2, '2019-03-07 20:53:02', '2019-03-07 20:53:02'),
(95, 'Trong PHP, bạn có thể sử dụng cả dấu ngoặc đơn (\'\') và dấu ngoặc kép (\"\") cho chuỗi', 2, '2019-03-07 20:55:05', '2019-03-07 20:55:05'),
(96, 'Toán tử nào được sử dụng để kiểm tra xem hai giá trị có bằng nhau và cùng loại dữ liệu không?', 2, '2019-03-07 20:59:47', '2019-03-07 20:59:47'),
(97, 'Làm thế nào để bạn tạo một mảng trong PHP?', 3, '2019-03-07 21:01:01', '2019-03-07 21:01:01'),
(98, 'Trong PHP, cách duy nhất để xuất văn bản là echo.', 1, '2019-03-08 04:02:33', '2019-03-08 04:02:33'),
(99, 'Làm thế nào để bạn tạo một cookie trong PHP?', 1, '2019-03-07 21:03:39', '2019-03-07 21:03:39'),
(100, 'Các hàm die () và exit () thực hiện chính xác điều tương tự', 2, '2019-03-07 21:04:31', '2019-03-07 21:04:31'),
(101, 'Một cách chính xác để thêm một comment trong PHP là gì?', 2, '2019-03-07 21:05:17', '2019-03-07 21:05:17'),
(102, 'Cách chính xác để thêm 1 vào biến $count là gì?', 2, '2019-03-07 21:06:18', '2019-03-07 21:06:18'),
(103, 'Cách chính xác để bao gồm tệp \"time.inc\" là gì?', 1, '2019-03-07 21:07:25', '2019-03-07 21:07:25'),
(104, 'Cách chính xác để mở tệp \"time.txt\" là có thể đọc được?', 2, '2019-03-07 21:08:39', '2019-03-07 21:08:39'),
(105, 'Biến superglobal nào chứa thông tin về các tiêu đề, đường dẫn và vị trí tập lệnh?', 3, '2019-03-07 21:09:28', '2019-03-07 21:09:28'),
(106, 'Câu lệnh if được sử dụng để thực thi một số mã chỉ khi một điều kiện được chỉ định là đúng True', 1, '2019-03-07 21:10:40', '2019-03-07 21:10:40'),
(107, 'SQL có nghĩa là gì?', 2, '2019-03-07 21:16:36', '2019-03-07 21:16:36'),
(108, 'Câu lệnh SQL nào được sử dụng để trích xuất dữ liệu từ cơ sở dữ liệu?', 1, '2019-03-07 21:17:13', '2019-03-07 21:17:13'),
(109, 'Câu lệnh SQL nào được sử dụng để cập nhật dữ liệu trong cơ sở dữ liệu?', 1, '2019-03-07 21:18:05', '2019-03-07 21:18:05'),
(110, 'Câu lệnh SQL nào được sử dụng để xóa dữ liệu khỏi cơ sở dữ liệu?', 1, '2019-03-07 21:18:45', '2019-03-07 21:18:45'),
(111, 'Với SQL, làm thế nào để bạn chọn tất cả các bản ghi từ một bảng có tên \"Persons\" trong đó giá trị của cột \"FirstName\" là \"Peter\"?', 5, '2019-03-07 21:20:17', '2019-03-07 21:20:17'),
(112, 'Với SQL, làm thế nào để bạn chọn tất cả các bản ghi từ một bảng có tên \"Người\" trong đó giá trị của cột \"FirstName\" bắt đầu bằng \"a\"?', 4, '2019-03-07 21:21:35', '2019-03-07 21:21:35'),
(113, 'Câu lệnh SQL nào được sử dụng để chỉ trả về các giá trị khác nhau?', 4, '2019-03-07 21:22:46', '2019-03-07 21:22:46'),
(114, 'Từ khóa SQL nào được sử dụng để sắp xếp tập kết quả?', 5, '2019-03-07 21:23:24', '2019-03-07 21:23:24'),
(115, 'Loại JOIN phổ biến nhất là gì?', 4, '2019-03-07 21:24:35', '2019-03-07 21:24:35'),
(116, 'aasdasd', 1, '2019-03-08 02:26:26', '2019-03-08 02:26:26'),
(117, '2124', 1, '2019-03-14 21:20:18', '2019-03-14 21:20:18');

-- --------------------------------------------------------

--
-- Cấu trúc bảng cho bảng `results`
--

CREATE TABLE `results` (
  `id` int(11) NOT NULL,
  `users_id` int(11) NOT NULL,
  `threads_id` int(11) NOT NULL,
  `answers_id` varchar(500) NOT NULL,
  `users_point` int(11) NOT NULL,
  `created_at` datetime NOT NULL,
  `updated_at` timestamp NOT NULL DEFAULT CURRENT_TIMESTAMP ON UPDATE CURRENT_TIMESTAMP
) ENGINE=InnoDB DEFAULT CHARSET=utf8;

--
-- Đang đổ dữ liệu cho bảng `results`
--

INSERT INTO `results` (`id`, `users_id`, `threads_id`, `answers_id`, `users_point`, `created_at`, `updated_at`) VALUES
(504, 2, 15, '189,203,239,106,107,214,321,303,166,115,264', 6, '2019-03-15 04:33:00', '2019-03-14 21:33:00'),
(505, 3, 23, '230,239,163,170,171,172,173,150,96,90,224,199,203,201,131,132,210,216', 5, '2019-03-15 04:33:53', '2019-03-14 21:33:53'),
(506, 4, 24, '110,266,263,120,183,280,151,154,223,311,199,278,319,176,255,236', 18, '2019-03-15 04:35:12', '2019-03-14 21:35:12'),
(604, 1, 14, '304,151,152,153,261,264,195', 0, '2019-03-15 07:56:48', '2019-03-15 00:56:48');

-- --------------------------------------------------------

--
-- Cấu trúc bảng cho bảng `threads`
--

CREATE TABLE `threads` (
  `id` int(11) NOT NULL,
  `time` int(11) NOT NULL,
  `total_questions` int(11) NOT NULL,
  `user_id` int(11) NOT NULL,
  `created_at` datetime NOT NULL DEFAULT CURRENT_TIMESTAMP ON UPDATE CURRENT_TIMESTAMP,
  `updated_at` datetime NOT NULL DEFAULT CURRENT_TIMESTAMP
) ENGINE=InnoDB DEFAULT CHARSET=utf8;

--
-- Đang đổ dữ liệu cho bảng `threads`
--

INSERT INTO `threads` (`id`, `time`, `total_questions`, `user_id`, `created_at`, `updated_at`) VALUES
(14, 10, 10, 1, '2019-03-11 17:16:07', '2019-03-07 07:03:44'),
(15, 15, 11, 2, '2019-03-12 14:43:47', '2019-03-07 07:07:01'),
(23, 30, 14, 3, '2019-03-12 14:42:38', '2019-03-07 10:18:43'),
(24, 30, 15, 4, '2019-03-12 14:34:48', '2019-03-08 03:18:08'),
(25, 2, 20, 7, '2019-03-12 10:03:37', '2019-03-12 10:03:37'),
(26, 10, 8, 5, '2019-03-14 03:24:23', '2019-03-14 03:24:23'),
(27, 60, 20, 9, '2019-03-14 03:25:26', '2019-03-14 03:25:26'),
(28, 5, 15, 10, '2019-03-14 10:26:12', '2019-03-14 03:25:50'),
(29, 11, 10, 12, '2019-03-15 10:50:30', '2019-03-14 07:02:17');

-- --------------------------------------------------------

--
-- Cấu trúc bảng cho bảng `thread_details`
--

CREATE TABLE `thread_details` (
  `id` int(11) NOT NULL,
  `threads_id` int(11) NOT NULL,
  `questions_id` int(11) NOT NULL,
  `created_at` datetime NOT NULL DEFAULT CURRENT_TIMESTAMP ON UPDATE CURRENT_TIMESTAMP,
  `updated_at` datetime NOT NULL DEFAULT CURRENT_TIMESTAMP ON UPDATE CURRENT_TIMESTAMP
) ENGINE=InnoDB DEFAULT CHARSET=utf8;

--
-- Đang đổ dữ liệu cho bảng `thread_details`
--

INSERT INTO `thread_details` (`id`, `threads_id`, `questions_id`, `created_at`, `updated_at`) VALUES
(218, 23, 80, '2019-03-07 10:35:36', '2019-03-07 10:35:36'),
(219, 23, 79, '2019-03-07 10:35:36', '2019-03-07 10:35:36'),
(220, 23, 83, '2019-03-07 10:35:36', '2019-03-07 10:35:36'),
(221, 23, 81, '2019-03-07 10:35:36', '2019-03-07 10:35:36'),
(222, 23, 87, '2019-03-07 10:35:36', '2019-03-07 10:35:36'),
(223, 23, 85, '2019-03-07 10:35:36', '2019-03-07 10:35:36'),
(224, 23, 91, '2019-03-07 10:35:36', '2019-03-07 10:35:36'),
(225, 23, 60, '2019-03-07 10:35:36', '2019-03-07 10:35:36'),
(226, 23, 89, '2019-03-07 10:35:36', '2019-03-07 10:35:36'),
(227, 23, 64, '2019-03-07 10:35:36', '2019-03-07 10:35:36'),
(228, 23, 71, '2019-03-07 10:35:36', '2019-03-07 10:35:36'),
(229, 23, 68, '2019-03-07 10:35:36', '2019-03-07 10:35:36'),
(310, 14, 62, '2019-03-11 10:16:07', '2019-03-11 10:16:07'),
(311, 14, 112, '2019-03-11 10:16:07', '2019-03-11 10:16:07'),
(312, 14, 100, '2019-03-11 10:16:07', '2019-03-11 10:16:07'),
(313, 14, 65, '2019-03-11 10:16:07', '2019-03-11 10:16:07'),
(314, 14, 111, '2019-03-11 10:16:07', '2019-03-11 10:16:07'),
(315, 14, 66, '2019-03-11 10:16:07', '2019-03-11 10:16:07'),
(316, 14, 99, '2019-03-11 10:16:07', '2019-03-11 10:16:07'),
(317, 14, 78, '2019-03-11 10:16:07', '2019-03-11 10:16:07'),
(318, 14, 75, '2019-03-11 10:16:07', '2019-03-11 10:16:07'),
(319, 14, 98, '2019-03-11 10:16:07', '2019-03-11 10:16:07'),
(320, 15, 56, '2019-03-12 07:00:30', '2019-03-12 07:00:30'),
(321, 15, 116, '2019-03-12 07:00:30', '2019-03-12 07:00:30'),
(322, 15, 111, '2019-03-12 07:00:30', '2019-03-12 07:00:30'),
(323, 15, 76, '2019-03-12 07:00:30', '2019-03-12 07:00:30'),
(324, 15, 91, '2019-03-12 07:00:30', '2019-03-12 07:00:30'),
(325, 15, 69, '2019-03-12 07:00:30', '2019-03-12 07:00:30'),
(326, 15, 81, '2019-03-12 07:00:30', '2019-03-12 07:00:30'),
(327, 15, 84, '2019-03-12 07:00:30', '2019-03-12 07:00:30'),
(328, 15, 99, '2019-03-12 07:00:30', '2019-03-12 07:00:30'),
(329, 15, 54, '2019-03-12 07:00:30', '2019-03-12 07:00:30'),
(342, 24, 72, '2019-03-12 07:34:48', '2019-03-12 07:34:48'),
(343, 24, 65, '2019-03-12 07:34:48', '2019-03-12 07:34:48'),
(344, 24, 115, '2019-03-12 07:34:48', '2019-03-12 07:34:48'),
(345, 24, 99, '2019-03-12 07:34:48', '2019-03-12 07:34:48'),
(346, 24, 55, '2019-03-12 07:34:48', '2019-03-12 07:34:48'),
(347, 24, 91, '2019-03-12 07:34:48', '2019-03-12 07:34:48'),
(348, 24, 103, '2019-03-12 07:34:48', '2019-03-12 07:34:48'),
(349, 24, 79, '2019-03-12 07:34:48', '2019-03-12 07:34:48'),
(350, 24, 113, '2019-03-12 07:34:48', '2019-03-12 07:34:48'),
(351, 24, 96, '2019-03-12 07:34:48', '2019-03-12 07:34:48'),
(352, 24, 57, '2019-03-12 07:34:48', '2019-03-12 07:34:48'),
(353, 24, 74, '2019-03-12 07:34:48', '2019-03-12 07:34:48'),
(354, 24, 87, '2019-03-12 07:34:48', '2019-03-12 07:34:48'),
(355, 24, 104, '2019-03-12 07:34:48', '2019-03-12 07:34:48'),
(356, 24, 100, '2019-03-12 07:34:48', '2019-03-12 07:34:48'),
(357, 23, 50, '2019-03-12 07:42:29', '2019-03-12 07:42:29'),
(358, 23, 51, '2019-03-12 07:42:38', '2019-03-12 07:42:38'),
(360, 25, 53, '2019-03-12 10:03:37', '2019-03-12 10:03:37'),
(361, 25, 64, '2019-03-12 10:03:37', '2019-03-12 10:03:37'),
(362, 25, 73, '2019-03-12 10:03:37', '2019-03-12 10:03:37'),
(363, 25, 81, '2019-03-12 10:03:37', '2019-03-12 10:03:37'),
(364, 25, 69, '2019-03-12 10:03:37', '2019-03-12 10:03:37'),
(365, 25, 104, '2019-03-12 10:03:37', '2019-03-12 10:03:37'),
(366, 25, 100, '2019-03-12 10:03:37', '2019-03-12 10:03:37'),
(367, 25, 102, '2019-03-12 10:03:37', '2019-03-12 10:03:37'),
(368, 25, 110, '2019-03-12 10:03:37', '2019-03-12 10:03:37'),
(369, 25, 91, '2019-03-12 10:03:37', '2019-03-12 10:03:37'),
(370, 25, 52, '2019-03-12 10:03:37', '2019-03-12 10:03:37'),
(371, 25, 79, '2019-03-12 10:03:37', '2019-03-12 10:03:37'),
(372, 25, 99, '2019-03-12 10:03:37', '2019-03-12 10:03:37'),
(373, 25, 51, '2019-03-12 10:03:37', '2019-03-12 10:03:37'),
(374, 25, 108, '2019-03-12 10:03:37', '2019-03-12 10:03:37'),
(375, 25, 98, '2019-03-12 10:03:37', '2019-03-12 10:03:37'),
(376, 25, 115, '2019-03-12 10:03:37', '2019-03-12 10:03:37'),
(377, 25, 77, '2019-03-12 10:03:37', '2019-03-12 10:03:37'),
(378, 25, 83, '2019-03-12 10:03:37', '2019-03-12 10:03:37'),
(379, 25, 70, '2019-03-12 10:03:37', '2019-03-12 10:03:37'),
(380, 26, 95, '2019-03-14 03:24:23', '2019-03-14 03:24:23'),
(381, 26, 116, '2019-03-14 03:24:23', '2019-03-14 03:24:23'),
(382, 26, 63, '2019-03-14 03:24:23', '2019-03-14 03:24:23'),
(383, 26, 51, '2019-03-14 03:24:23', '2019-03-14 03:24:23'),
(384, 26, 75, '2019-03-14 03:24:23', '2019-03-14 03:24:23'),
(385, 26, 104, '2019-03-14 03:24:23', '2019-03-14 03:24:23'),
(386, 26, 81, '2019-03-14 03:24:23', '2019-03-14 03:24:23'),
(387, 26, 50, '2019-03-14 03:24:23', '2019-03-14 03:24:23'),
(388, 27, 116, '2019-03-14 03:25:26', '2019-03-14 03:25:26'),
(389, 27, 85, '2019-03-14 03:25:26', '2019-03-14 03:25:26'),
(390, 27, 111, '2019-03-14 03:25:26', '2019-03-14 03:25:26'),
(391, 27, 102, '2019-03-14 03:25:26', '2019-03-14 03:25:26'),
(392, 27, 61, '2019-03-14 03:25:26', '2019-03-14 03:25:26'),
(393, 27, 108, '2019-03-14 03:25:26', '2019-03-14 03:25:26'),
(394, 27, 76, '2019-03-14 03:25:26', '2019-03-14 03:25:26'),
(395, 27, 80, '2019-03-14 03:25:26', '2019-03-14 03:25:26'),
(396, 27, 109, '2019-03-14 03:25:26', '2019-03-14 03:25:26'),
(397, 27, 54, '2019-03-14 03:25:26', '2019-03-14 03:25:26'),
(398, 27, 75, '2019-03-14 03:25:26', '2019-03-14 03:25:26'),
(399, 27, 98, '2019-03-14 03:25:26', '2019-03-14 03:25:26'),
(400, 27, 73, '2019-03-14 03:25:26', '2019-03-14 03:25:26'),
(401, 27, 95, '2019-03-14 03:25:26', '2019-03-14 03:25:26'),
(402, 27, 71, '2019-03-14 03:25:26', '2019-03-14 03:25:26'),
(403, 27, 58, '2019-03-14 03:25:26', '2019-03-14 03:25:26'),
(404, 27, 79, '2019-03-14 03:25:26', '2019-03-14 03:25:26'),
(405, 27, 110, '2019-03-14 03:25:26', '2019-03-14 03:25:26'),
(406, 27, 63, '2019-03-14 03:25:26', '2019-03-14 03:25:26'),
(407, 27, 68, '2019-03-14 03:25:26', '2019-03-14 03:25:26'),
(453, 28, 96, '2019-03-14 03:26:12', '2019-03-14 03:26:12'),
(454, 28, 79, '2019-03-14 03:26:12', '2019-03-14 03:26:12'),
(455, 28, 63, '2019-03-14 03:26:12', '2019-03-14 03:26:12'),
(456, 28, 88, '2019-03-14 03:26:12', '2019-03-14 03:26:12'),
(457, 28, 74, '2019-03-14 03:26:12', '2019-03-14 03:26:12'),
(458, 28, 54, '2019-03-14 03:26:12', '2019-03-14 03:26:12'),
(459, 28, 105, '2019-03-14 03:26:12', '2019-03-14 03:26:12'),
(460, 28, 106, '2019-03-14 03:26:12', '2019-03-14 03:26:12'),
(461, 28, 64, '2019-03-14 03:26:12', '2019-03-14 03:26:12'),
(462, 28, 101, '2019-03-14 03:26:12', '2019-03-14 03:26:12'),
(463, 28, 90, '2019-03-14 03:26:12', '2019-03-14 03:26:12'),
(464, 28, 82, '2019-03-14 03:26:12', '2019-03-14 03:26:12'),
(465, 28, 95, '2019-03-14 03:26:12', '2019-03-14 03:26:12'),
(466, 28, 116, '2019-03-14 03:26:12', '2019-03-14 03:26:12'),
(467, 28, 85, '2019-03-14 03:26:12', '2019-03-14 03:26:12'),
(468, 29, 96, '2019-03-14 07:02:17', '2019-03-14 07:02:17'),
(469, 29, 77, '2019-03-14 07:02:17', '2019-03-14 07:02:17'),
(470, 29, 57, '2019-03-14 07:02:17', '2019-03-14 07:02:17'),
(471, 29, 85, '2019-03-14 07:02:17', '2019-03-14 07:02:17'),
(472, 29, 102, '2019-03-14 07:02:17', '2019-03-14 07:02:17'),
(474, 29, 54, '2019-03-15 02:30:08', '2019-03-15 02:30:08'),
(476, 29, 50, '2019-03-15 02:46:53', '2019-03-15 02:46:53'),
(477, 29, 108, '2019-03-15 03:50:30', '2019-03-15 03:50:30');

-- --------------------------------------------------------

--
-- Cấu trúc bảng cho bảng `users`
--

CREATE TABLE `users` (
  `id` int(10) UNSIGNED NOT NULL,
  `name` varchar(255) COLLATE utf8mb4_unicode_ci NOT NULL,
  `email` varchar(255) COLLATE utf8mb4_unicode_ci NOT NULL,
  `password` varchar(255) COLLATE utf8mb4_unicode_ci NOT NULL,
  `phone` varchar(20) COLLATE utf8mb4_unicode_ci NOT NULL,
  `type` int(11) NOT NULL DEFAULT '0',
  `remember_token` varchar(100) COLLATE utf8mb4_unicode_ci DEFAULT NULL,
  `created_at` datetime NOT NULL DEFAULT CURRENT_TIMESTAMP,
  `updated_at` timestamp NOT NULL DEFAULT CURRENT_TIMESTAMP
) ENGINE=InnoDB DEFAULT CHARSET=utf8mb4 COLLATE=utf8mb4_unicode_ci;

--
-- Đang đổ dữ liệu cho bảng `users`
--

INSERT INTO `users` (`id`, `name`, `email`, `password`, `phone`, `type`, `remember_token`, `created_at`, `updated_at`) VALUES
(1, 'Nguyễn Văn A', 'admin@mail.com', '$2y$10$QP/IzGoExu4C/SxpJclSKuNmY.HCqKblPzNxQiAe6KLuQ.BSGiOVa', '07564224220', 1, 'LMkPJXfoq49vssn2WklVyvNw294x7DP7CS2DXUXk7Tbt6wpCn8xyJAkkHfNX', '2019-02-12 10:15:23', '2019-03-07 23:29:48'),
(2, 'Nguyễn Văn B', 'admin1@mail.com', '$2y$10$QP/IzGoExu4C/SxpJclSKuNmY.HCqKblPzNxQiAe6KLuQ.BSGiOVa', '02852424251', 1, '6C6OyTb6VVcgeciAAYM48PKMijH5k3SubdFobhninp46ihMBYnOjvU3m7pyw', '2019-02-12 10:15:23', '2019-02-12 01:47:20'),
(3, 'Nguyễn Văn C', 'admin2@mail.com', '$2y$10$QP/IzGoExu4C/SxpJclSKuNmY.HCqKblPzNxQiAe6KLuQ.BSGiOVa', '045543452134', 1, NULL, '2019-02-12 10:15:23', '2019-03-06 19:42:15'),
(4, 'Nguyễn Văn D', 'admin3@mail.com', '$2y$10$byS2xLp.JmXeW18CEpuGo.QpYtEBeJGAKyk.t11u1JoRVNavuTkqC', '0141263581135', 1, 'SaneaHsXlC79blg3EO0cysm05AhfPvEP7VeMzwHQgwUN5vsF7YjeXdlDPpqf', '2019-02-12 13:31:31', '2019-02-12 01:47:36'),
(5, 'Nguyễn Văn F', 'admin4@mail.com', '$2y$10$Y1u7VVr/v22PxVYGGA4awOsXFej23ldqtHce/Vg9bue22VhA1lFZe', '04156542574', 1, 'U5mHGNYPFhr6rUCExovAJgJQGm5BznBoUH0AlX3wdK9SQojZCz1vrk8CF4hB', '2019-02-12 10:15:23', '2019-02-12 01:47:46'),
(7, 'Nguyễn Văn G', 'admin5@mail.com', '$2y$10$AfmocwVZhXMMdPR52R08g.Wr5xznG/cHTmbSCe42U3nNqF2fr5xam', '012424574417', 0, 'AKERRUfkYmca7aqdEZca7v7hXmZM7qUYxWPnuwlq7ggsKi9d06jAOqJp8DLs', '2019-02-12 13:48:20', '2019-02-12 01:48:03'),
(8, 'Nguyễn Văn D', 'test@gmail.com', '$2y$10$wWP535lv7jp6swTUZZz8Ruox7GMRPH/xE7OU08WkvSXjSpdh3An3e', '0364416798', 0, NULL, '2019-02-12 15:38:32', '2019-02-13 00:51:25'),
(9, 'Nguyen Van H', 'admin6@mail.com', '$2y$10$foEuL.nnVt7FGtHu30gDu.FsHh64fFY3SLqV/IVERp.iY8VuUUOo6', '01232131231', 0, NULL, '2019-02-13 08:36:05', '2019-02-13 00:09:01'),
(10, 'Nguyen Văn Q', 'admin7@mail.com', '$2y$10$KWgeKkkzlXEgqT4CG16WouvICEIXb6C1Jdf3yEzYj0ZwVzcIMJssW', '0364416799', 0, NULL, '2019-02-13 11:09:13', '2019-02-13 00:34:05'),
(12, 'Nguyen Văn ABD', 'test2@mail.com', '$2y$10$SCL7RUSDgW4nVhIjQ.O7M.XfcAVDhGplTZ6CmeG9PVgJPr3FmyCwO', '0123451231', 0, NULL, '2019-02-13 13:05:14', '2019-02-26 03:14:57'),
(15, 'Nguyen Van A', 'abc@mail.com', '$2y$10$pNoK5w2EQiTIBa5tGGH0seBqS3ChVPwnF5J4dmwCQqDyJsX44.C4u', '0153153153', 0, NULL, '2019-02-22 12:55:23', '2019-02-22 05:55:23'),
(16, 'zxczxcz', 'zxc@ma.com', '$2y$10$uLMo8naJJp1t21267GPZs.4NIYrGeElJ5VP6o1wwfA8qSt.WdD6WW', '0131213', 1, 'tHW7XqWFJtHhE4Pd6VayvZoih2z3pEdOctAojaq95rdhLeQnnGQopYSDbfpc', '2019-02-22 06:20:04', '2019-02-21 23:20:04'),
(17, 'nguyen van', 'text@mail.com', '$2y$10$s123mHYdagNe251JRetbu.8J/9cwzL.yK8h0o.uKt3BM5pM./Rkfu', '0123456789', 0, NULL, '2019-03-07 09:48:22', '2019-03-12 03:36:14');

--
-- Chỉ mục cho các bảng đã đổ
--

--
-- Chỉ mục cho bảng `answers`
--
ALTER TABLE `answers`
  ADD PRIMARY KEY (`id`);

--
-- Chỉ mục cho bảng `migrations`
--
ALTER TABLE `migrations`
  ADD PRIMARY KEY (`id`);

--
-- Chỉ mục cho bảng `questions`
--
ALTER TABLE `questions`
  ADD PRIMARY KEY (`id`);

--
-- Chỉ mục cho bảng `results`
--
ALTER TABLE `results`
  ADD PRIMARY KEY (`id`);

--
-- Chỉ mục cho bảng `threads`
--
ALTER TABLE `threads`
  ADD PRIMARY KEY (`id`);

--
-- Chỉ mục cho bảng `thread_details`
--
ALTER TABLE `thread_details`
  ADD PRIMARY KEY (`id`);

--
-- Chỉ mục cho bảng `users`
--
ALTER TABLE `users`
  ADD PRIMARY KEY (`id`);

--
-- AUTO_INCREMENT cho các bảng đã đổ
--

--
-- AUTO_INCREMENT cho bảng `answers`
--
ALTER TABLE `answers`
  MODIFY `id` int(11) NOT NULL AUTO_INCREMENT, AUTO_INCREMENT=322;

--
-- AUTO_INCREMENT cho bảng `migrations`
--
ALTER TABLE `migrations`
  MODIFY `id` int(10) UNSIGNED NOT NULL AUTO_INCREMENT;

--
-- AUTO_INCREMENT cho bảng `questions`
--
ALTER TABLE `questions`
  MODIFY `id` int(11) NOT NULL AUTO_INCREMENT, AUTO_INCREMENT=118;

--
-- AUTO_INCREMENT cho bảng `results`
--
ALTER TABLE `results`
  MODIFY `id` int(11) NOT NULL AUTO_INCREMENT, AUTO_INCREMENT=605;

--
-- AUTO_INCREMENT cho bảng `threads`
--
ALTER TABLE `threads`
  MODIFY `id` int(11) NOT NULL AUTO_INCREMENT, AUTO_INCREMENT=30;

--
-- AUTO_INCREMENT cho bảng `thread_details`
--
ALTER TABLE `thread_details`
  MODIFY `id` int(11) NOT NULL AUTO_INCREMENT, AUTO_INCREMENT=478;

--
-- AUTO_INCREMENT cho bảng `users`
--
ALTER TABLE `users`
  MODIFY `id` int(10) UNSIGNED NOT NULL AUTO_INCREMENT, AUTO_INCREMENT=18;
COMMIT;

/*!40101 SET CHARACTER_SET_CLIENT=@OLD_CHARACTER_SET_CLIENT */;
/*!40101 SET CHARACTER_SET_RESULTS=@OLD_CHARACTER_SET_RESULTS */;
/*!40101 SET COLLATION_CONNECTION=@OLD_COLLATION_CONNECTION */;
